{"train/loss": 1.1035, "train/learning_rate": 1.98e-05, "train/global_step": 99, "_timestamp": 1684030778.3272603, "_runtime": 202.62185621261597, "_step": 98}