{"train/loss": 6.6954, "train/learning_rate": 1.7400000000000003e-05, "train/global_step": 87, "_timestamp": 1684029846.6168718, "_runtime": 179.22771692276, "_step": 86}